"content","score","Label"
"Baguussss","5","positif"
"kenapa g terbuka wa saya padahal saya udh masukan verifikasi dua langkah","3","netral"
"jelek","1","negatif"
"Gak enak wa anj","1","negatif"
"Gara gara Ni Apk,Rank Mobile Legend Gw Turun Ke Epig AnjgğŸ—¿","1","negatif"
"wawwğŸ¤©ğŸ˜!!!","5","positif"
"GK bisa nelpon klo GK ada kuota","1","negatif"
"Tidak perlu kata kata","1","negatif"
"Mantap","5","positif"
"Kenapa versi yg ini kualitasnya masih bagus yg versi sebelumnya padahal saya menggunakan sim card yg sama untuk datanya... Mohon bantuannya untuk diperbaiki terima kasih","1","negatif"
"Bagus","1","negatif"
"Baik","5","positif"
"ga ada masalah sih cuma gw gabut aja jadi gw kasih bintang 1 ğŸ—¿","3","netral"
"Aktip kan whatsapp","3","netral"
"Whatsapp nya suka erorr","1","negatif"
"Apli nya bagus, beri saya uang 5jt akan saya kasih bintang 5","5","positif"
"TOLONG BAGI PIHAK WA TOLONG PERBAIKI SAYA PAS BUAT SW SW SAYA TAMPAK BURAM TOLONG PERBAIKI","1","negatif"
"Gabut","1","negatif"
"B7 jgn pulang ubah","3","netral"
"Apk gk guna","1","negatif"
"â˜ºğŸ™ğŸ»","1","negatif"
"Jelek","1","negatif"
"Sangat baik","5","positif"
"Jelek","1","negatif"
"Buruk","1","negatif"
"Aplikasi kon apa gak terima sin by one dek","1","negatif"
"Tue","1","negatif"
"Kenapa si daftar aja ribet banget susah ga ngirim ngirim kode , tolol ANJ susah udah 10 jam. Nunggu kode","1","negatif"
"Setelah dipulihkan, harus pakai official WA?tapi tetep ga bisa masuk","2","positif"
"Nggak guna","1","negatif"
"ğŸ—¿ğŸ—¿ğŸ—¿ğŸ—¿ğŸ—¿ğŸ—¿ğŸ—¿ğŸ—¿ğŸ—¿ğŸ—¿","1","negatif"
"Mantap","5","positif"
"B aja","1","negatif"
"Iya","2","positif"
"Yhh NIH WHATSAPP EMG KG DANTA. Masa NO GW KEKENON MULU YHH MANA KEAMANAN MANA F","1","negatif"
"Sip aplikasi ny","5","positif"
"Verifikasi","5","positif"
"WğŸ¤²ğŸ“¢ğŸ˜´","5","positif"
"Kerja harian","2","positif"
"Piou","5","positif"
"Wachap tdak terdaftar","5","positif"
"Saya punya saran, Arsipnya akan lebih baik memiliki pengamanan seperti sandi agar yg terprivasi tidak terbuka/dilihat oleh orang lain. Terimakasih","4","positif"
"Sangat membantu","5","positif"
"Mantaaap","1","negatif"
"Bagus","1","negatif"
"mantap","5","positif"
"kurang suka dengan tampilan yg sekarang notif chat status dibawah. gimana cara biar diatas aja","4","positif"
"mudah untuk komunikasi","2","positif"
"Ok.","5","positif"
"Uladan","2","positif"
"Saya baru coba klo benar bagus Pasti akan saya tambah bintang","4","positif"
"Bagus","5","positif"
"Bos wa Ap saya ilang","5","positif"
"bagus sekali","5","positif"
"Apk rusak","1","negatif"
"Bagus","5","positif"
"Saya senang dan saya bahagia menggunakan whatsapp ini","5","positif"
"Sangat bagus bisa membantu","5","positif"
"Pas diupdate kok fitur kunci chat nya nggak berfungsi Tolong diperbaiki lagiğŸ™ğŸ™","1","negatif"
"Iii","4","positif"
"lebih suka model yang lama,dripada yang sekarang lebih ribett","1","negatif"
"Manfaatny mantap","5","positif"
"Terkadang muncul kata2 menghubungkan ulang trus suara lawan bicara kadang tidak jelas kami sebagai pelanggan dari INDOSAT mohon untuk secepatnya di benahi mhn maaf apabila ad kata2 yg kurang berkenan di hati semua operator trim's","4","positif"
"Sangat bagus","5","positif"
"Whatsapp scam using ApK sending , please diallowed to send APK","1","negatif"
"ğŸ¤™","3","netral"
"maaf yah ini kenapa saya mau login tetep ga bisa, katanya harus wa official padahal aku download ya ini. wa mana lagi coba? trus nunggu kode verifikasi jg minimal 2 jam kalo SMS 6 jam, katanya ada masalah sama play store pdhl jg udh update semua gimana ya tolong nih gabisa login dari kemarin","1","negatif"
"Kurang baik kadang lemot","1","negatif"
"Sangattt sangggat sangatt awa gtw ngejelasinnya","5","positif"
"Sangat membantu","5","positif"
"Klw mau pos status gagal trus","1","negatif"
"Sangat memudahkan berkomunikasi .. Saran saya tampilan depan awal buka whatsapp nya bisa diganti temanya jadi tidak merasa bosan","5","positif"
"Alhamdulilah selalu baik what ap nya..","5","positif"
"Bagus","5","positif"
"Baik","5","positif"
"Goodd...","5","positif"
"Oke","5","positif"
"Ku kasih bintang 3 karena belum Tau Perbarui seperti apa sekarang kualitasnya terimakasih banyak WhatsApp","5","positif"
"Bagus bangettt","5","positif"
"Sangat memuaskan","5","positif"
"Sering minta di up date","5","positif"
"Luarbiasa","5","positif"
"MantapğŸ‘","5","positif"
"Tolong dong di perbaiki gimana si makin ke sni mkin sulit aja untuk di gunain hapus aja kalau begitu!!!!!","1","negatif"
"Aplikasi ini sangat bagus untuk saya","5","positif"
"Biarkan bintang bicara","3","netral"
"Keren","5","positif"
"Terima kasih Google","1","negatif"
"Sulit memperbaharui watsApp","5","positif"
"Luar bisa","5","positif"
"Sangat bagus","1","negatif"
"Bagus","5","positif"
"mantabzzz","5","positif"
"Minta di update ko muter2","1","negatif"
"Bismillaah","5","positif"
"Bagus sih aplikasi nya buat vcall jarak jauh,cuman sering terjadi eror.padahal selalu di update","1","negatif"
"Sangat membantu","5","positif"
"Aku kasih bintan 4 ajah dulu soalnya lagi elor","4","positif"
"Bagus","1","negatif"
"Terus upgrade yah bestie","3","netral"
"Layar","5","positif"
"Bagus","5","positif"
"Lumayan bagus","5","positif"
"Aplikasi ini sangat bagusğŸ‘ğŸ‘ğŸ‘ğŸ‘ğŸ‘ğŸ‘ğŸ‘ğŸ‘ğŸ’•ğŸ‘ğŸ‘ğŸ‘ğŸ‘ğŸ‘ğŸ‘ğŸ‘ğŸ’•ğŸ‘ğŸ’•ğŸ‘ğŸ’•ğŸ‘ğŸ’•ğŸ‘ğŸ’•ğŸ‘ğŸ’•ğŸ‘ğŸ’•ğŸ‘ğŸ’•ğŸ‘ğŸ’•ğŸ‘","5","positif"
"Good job","5","positif"
"Tolong Bpk atau ibu"" semoga ujian ini benar, & Aku dapat Rp 50.000.000, beneran. Allahu maqfirlli ilaimiqtariq. Amiin...ğŸ¤²ğŸ¤²ğŸ¤²ğŸ™ğŸ»ğŸ™ğŸ»ğŸ™ğŸ»ğŸ¤ğŸ¤ğŸ¤ğŸ‘ğŸ‘ğŸ‘","5","positif"
"Kenapa whatsapp yg versi sekarang harus simpen foto manual? galeri atau fotoÂ² saya yang dari chat whatsapp itu hilang semua, saya kira cuma saya yg seperti ini, pas liat ulasan apl Wa di playstore ternyata banyak yg ngalamin fitur nya bikin PR.","1","negatif"
"Menyenangkan pake wa","5","positif"
"Kurang bagus","4","positif"
"Mantap","5","positif"
"Ok","3","netral"
"bagus dan praktis","5","positif"
"Bagus sekali","5","positif"
"Sangat baik","5","positif"
"Di bidang. Bangunan","5","positif"
"Kasi bintang 5 soalnya semua org butuh whatsapp","5","positif"
"KmIn gggg.g","1","negatif"
"Good","5","positif"
"Bikin ribet. Lama lagi nunggunya","1","negatif"
"Ful","5","positif"
"sangat bermanfaat","5","positif"
"Ok good aplication bro","5","positif"
"Di apdet 5 juni masak sekarang sudah pembaharuan apdet lagi Klu tidak faham sy jadul data yg di dalam wa nan hilang semua","1","negatif"
"Menyenangkan","5","positif"
"Move On","5","positif"
"Bagus","5","positif"
"Mantap ğŸ‘ğŸ»","5","positif"
"Bagus","3","netral"
"Hallo wangsaff aku maw minta tolong, tolong baned wangsaf bila 10 menit karna dia gamau ngasih hutang ke aku, padahal aku sangat ingin gelori 1k plis wangsaf kamu kan baik bgt","5","positif"
"Mantap aplikasinya memuaskan","5","positif"
"Wau","5","positif"
"Sangat begunah","5","positif"
"Memuaskan","5","positif"
"ACHLAN","5","positif"
"Cukup puas","4","positif"
"Mangkin parah ni aplikasi tak ada kualitas","1","negatif"
"bagus ğŸ‘","5","positif"
"WoW","5","positif"
"Sementara sering problem","1","negatif"
"Update ngk rekomendasi mendingan versi yg kemarin","2","positif"
"Update gak bisa","2","positif"
"Muantappp","5","positif"
"Penilaian saya: 10000000000000000000000000000000+","5","positif"
"Baik sekali","5","positif"
"Bagus","5","positif"
"Antok bae","5","positif"
"Oke si","5","positif"
"Mantap","5","positif"
"WhatsApp bagus bagus bangeeeeettttttttt","4","positif"
"Sibuk","4","positif"
"Mantap","5","positif"
"Wa nya sangat bagu","5","positif"
"Bagus sngat memuaskan","3","netral"
"medsos no.1 di indonesia","5","positif"
"Puas","5","positif"
"Baguss","5","positif"
"Whatsapp udh gak jelas mksdnya apa coba akun saya tidk bsa di gunakan. Ada yg melaporkan nomor saya.mlh nomor saya gk bsa di gunakn. Kecewa sekali","1","negatif"
"Apk sangat bermanfaat","1","negatif"
"makin keren","5","positif"
"status video org yg di kirim kan gk bisa di buka","1","negatif"
"Debest WhatsaApp ini debest bngt lah pokok nya love loveğŸ’š","5","positif"
"maju terus .. stiap upgrade harus spesifikasi","5","positif"
"Bagus","5","positif"
"Mantap","5","positif"
"membantu","5","positif"
"Skrg kurang baik dn kurang bguss deh, krna terakhir aku update saat 5 juni lah ini 9 juni harus udh di update lgi,, gmn si trs juga apk di hpku sdkit bgt, cuma demi nge update whtsaap, 2 apk kesayanganku hrs dihapuusss krna klo cm 1 yg dihapus ga bisa buat update iihhh ğŸ˜’","1","negatif"
"Tolong diperhatikan, saya membuat komunitas di grup tapi karena saya cuman iseng saya membuat komunitas tapi ada penguman , saya pengen hapus pengumuna tapi harus di nonaktifkan jadi saya lupa saya pencet keluar komunitas jadi pengumuman nya gak bisa di hapus karena harus di nonaktifkan jadi permanen tu pengumumannya gak bisa keluar gak bisa di paksa. Tolong bisa keluar dari pengumumannya soal nya jadi permanen gak bisa keluar haruskah di nonaktifkan, komunitas nya udah ke hapus","2","positif"
"Mantaaapp","3","netral"
"Y bagus aman dan y GG","5","positif"
"Terlalau sering diperbarui","4","positif"
"bagus ya wa nya","1","negatif"
"Siiip","4","positif"
"Sangat membantu","3","netral"
"Menurut aku sih bangus banget sih","5","positif"
"Bagus","5","positif"
"ğŸ˜˜ğŸ˜˜ğŸ˜˜ğŸ˜˜ğŸ˜˜","5","positif"
"Adit tia","1","negatif"
"Wa saya tibaÂ² di bandung gak jelas","1","negatif"
"Aplikasi initiative jelek","1","negatif"
"Bagud","5","positif"
"Pariyo","5","positif"
"grafik nya buremm bangett apalagi kalau bikin sg","3","netral"
"Karna bagus","2","positif"
"Bagus","1","negatif"
"Keren","5","positif"
"Bagus","5","positif"
"Kepada pihak developer WhatsApp tolong status WhatsApp di buat lebih lama lagi jagan 30 detik dan kirim lagu jagan 16 mb aku mau kirim lagu di atas 16 mb gk bisa tolong di buat 100 mb terima kasih","5","positif"
"Goog game","5","positif"
"Bagus","5","positif"
"Is the best pokoknya","5","positif"
"Baik good","5","positif"
"Atina putri","5","positif"
"Jadi mudah berkomunikasi dan share informasi","5","positif"
"Bagus bangat","4","positif"
"Gak pernah yoba","4","positif"
"Sangt mantap","5","positif"
"ini wa knp si? ko ngedukung banget buat perselingkuhan pake segala ada fitur kunci chtğŸ˜’","3","netral"
"ğŸ‘","3","netral"
"Masih ada 3 hal penting yg saya kira perlu diperhatikan juga a.l: 1) tambahkan donk pilihan untuk menyimpan media ke SD card. 2) Kualitas Video dan Foto (Media) yg di kirim kalo bisa mengakomodir kwalitas HD. 3) tambahkan fitur untuk admin grup bisa mengontrol member grupnya salah satunya member dlm grup tidak keluar masuk grup tanpa diijinkan dl oleh admin grup. bintang 5 kalo sudah di akomodir","1","negatif"
"Bagus Knp selalu Di block whatsapp","5","positif"
"Kenapa wa nya gk bisa update gimana ini","2","positif"
"yang sudah ada","5","positif"
"Baik","5","positif"
"Bisa","5","positif"
"Wasaf cukup membantu di bidang informasi yg bersifat mendunia . Yg harus tetap kita wasfadahi siapa tau ada pihak yg menyalagunakan layanan wasaf ini yg merusak persendian teknelogi dan enformasi yg dikelolah oleh wasaf mksih","5","positif"
"Astagfirullah hal azim","5","positif"
"Sangat bagus","5","positif"
"Bagus karena ada fitur baru","5","positif"
"ğŸ‘Œ","5","positif"
"Terima kasih whatsapp","5","positif"
"Suara suka terputus putus,","2","positif"
"Update trs","5","positif"
"Ngirim dokumen knp jadi hrus 1-1?!!!! Males banget","1","negatif"
"Yoww","5","positif"
"T1dak bisa buka wa","5","positif"
"semoga tidak eror","4","positif"
"okeh","5","positif"
"Mantap","5","positif"
"Saya kasih bintang lima karena apk nya bagus","5","positif"
"Mantap","5","positif"
"Sangat bagus","5","positif"
"Aplikasinya bagus dan cocok untuk komunikasi jarak jauh, cuma terkadang putus putus mohon di perkuat jaringan nya terkadang ilang","5","positif"
"Ok","5","positif"
"Lbih ribet","1","negatif"
"Pokokx dengan aplikasi ini semua silaturahmi jdi mudah","4","positif"
"Aplikasi ini sangat membantu saya","5","positif"
"Kerja bagus","1","negatif"
"Kenapa WhatsApp ku sudah di daftar kok di suruh ganti nomor baru","5","positif"
"Kenapa gak bisa di instal ya","5","positif"
"Sangat puas","5","positif"
"3 dulu kalau bagus baru aku tambahin","3","netral"
"ğŸ‘","5","positif"
"L 5gaz","2","positif"
"Nyobak dulu","1","negatif"
"Seruuuuu","5","positif"
"Susah","4","positif"
"Sangat membantu","5","positif"
"Kenapa whatsapp koq sering kadaluwarsa","1","negatif"
"Manut wae","5","positif"
"Sangat mudah untuk berkomunikasi","5","positif"
"Bagus","5","positif"
"Mantap","3","netral"
"WhatApp ini sangat seru dan menarik untuk menelfon teman ki","5","positif"
"Luar biasa","4","positif"
"Biasa saja","4","positif"
"Bagus,mantap","5","positif"
"joging","5","positif"
"Ntah knpa akunku keblokir permanen","5","positif"
"Ok","5","positif"
"Hhhhhhhhhuu","5","positif"
"baik","4","positif"
"Bgus ..bget..tpi Syang.klau buat vcann..gk bsa vdiony gk bgus ..buram..pdhl hp bgus..Oppo a15s.. sdangkan ak..prnh pke hp teman yg hpny biasa..buat vcnn..vdiony bgus gambarny...ksih bintang 3 aj .kurg luas","3","netral"
"Whatsapp kenapa gtidak aktif","5","positif"
"Tambah jelek pak,bagusan yang dulu, menambahkan fitur tapi juga menghilangkan fitur yang dulu aaaaa eeek","3","netral"
"Bagus banget","5","positif"
"saya senang","2","positif"
"Peggunaan whatsapp Masih Ada kendala.","5","positif"
"Oprasi al","5","positif"
"Sangat membantu","5","positif"
"Sangat bagus","5","positif"
"Terlalu sering update","5","positif"
"Usefull","5","positif"
"Memuaskan","4","positif"
"WhatsAp sangat bagus dan sangat membantu","5","positif"
"Sangat membantu kami dlm hal informasi","5","positif"
"Wa sering keblokir otomatis heran jadinya, alasan spam padahal ngobrol biasa tidak ada yang melanggar, kalau sistem tidak bisa membaca bahasa daerah di tingkatkan dong sistemnya bukan akunnya yg di blokir","2","positif"
"Sekarang wa nggak ada privasinya lebih dijaga dong harusnya","1","negatif"
"cara memperbarui whatsapp","1","negatif"
"Bermanfaat","5","positif"
"ğŸ‘ğŸ‘ğŸ‘ğŸ‘ğŸ‘ğŸ‘ğŸ‘ğŸ‘ğŸ‘ğŸ‘ğŸ‘ğŸ‘ğŸ‘ğŸ‘ğŸ‘ğŸ‘","5","positif"
"Ok","3","netral"
"Bagus","3","netral"
"bagus","5","positif"
"Sewenang wenang","1","negatif"
"Achmad suyarno","5","positif"
"sangat nyaman","5","positif"
"ga suka anis di update, lebih suka yg dulu","1","negatif"
"kenapa makin di update makin bnyak pemakaian ruang sih,ini parah banget sih...","1","negatif"
"Bagus","5","positif"
"Bagus","5","positif"
"Baik","4","positif"
"goof","5","positif"
"bagus,,sangat membantu n simple","5","positif"
"Baik","1","negatif"
"Bagus utk informasi dan pesan2 penting","4","positif"
"Tidak bisa mengirim lagu","1","negatif"
"Aplikasi WhatsApp sangat membatu juga,,dalam komunikasi","5","positif"
"Bagus","5","positif"
"Sudah baik","5","positif"
"Ok bangetaplikasi ini","3","netral"
"Every 1 week, it's always updated, instead of adding bags, it's even worse, please fix it again","1","negatif"
"bagus untuk nelpon","5","positif"
"Benar2sangat membantu saya untuk berkomunikasi Terimakasih whatsapp! Daftar","3","netral"
"Sangat mendukung","5","positif"
"Kenapa wa ku di blokir beberapa hari ini emang kenapa lama lama ok gini WhatsApp sekarang","1","negatif"
"Aflikasi bagussssss hebat","5","positif"
"Aplikasii nya suangat bagus buat mengrim pesann","5","positif"
"Kek WA GB update terbaru, gajelas","1","negatif"
"Memuaskan","5","positif"
"ini sangat baik","5","positif"
"Good","3","netral"
"Sangat baik","5","positif"
"Aplikasinya sangat membantu , tapi ahir ahir ini sering terjadi error pada pemulihan chat yg mengakibatkan chat terbaca 5 hari di tanggal sebelunnya , tolong di perbaiki lagi aplikasinya","1","negatif"
"Jangan Terlalu sering diupdate","3","netral"
"Mantap...","5","positif"
"ğŸ‘","5","positif"
"bagus","5","positif"
"Asik","3","netral"
"Mantap","5","positif"
"Mantap","5","positif"
"Bagus sangat membantu","5","positif"
"Oke","3","netral"
"kurang bagus","5","positif"
"Wiryo","3","netral"
"Gak bisa masuk ha di sebelah deh aku","5","positif"
"Video buram","1","negatif"
"Saya senang sekali karena mengunakan aplikasi WhatsApp messenger untuk Android","5","positif"
"cara buka wacsap kna spam atau kna apa mohon pulihkan","1","negatif"
"Teologia Praktis","5","positif"
"Sangat berguna","4","positif"
"Bagus","4","positif"
"Jangan sampai cht grup telpon di bawahğŸ˜­ğŸ˜­, mending tema nya di ganti jangan item putih trs sama tulisan","5","positif"
"Knp mesti di unduh","1","negatif"
"Sangat baik","5","positif"
"Bagus","5","positif"
"Saya puas dengan WA mudah dan lancar","5","positif"
"Sangat bagus","3","netral"
"(opsional)","4","positif"
"Sang at baik","5","positif"
"Sebagai orang yg harus sedikit dikit foto,sekarang kamera nya sudah buram dan gak enak aja kalo di pakai buat fotoan seperti versi kamera lama.","1","negatif"
"Keren","5","positif"
"Mohon.diperbarui.whats.app... mohon diperbaiki WhatsApp kami tolong","3","netral"
"Sangat cocok untuk kita semua","5","positif"
"Sangat berguna","5","positif"
"Assalamu'alaikum ini gimana si ko ke blokir lagi saya mohon jangan di blokir lagi ya kak","5","positif"
"Baik5","3","netral"
"AGU EKO","4","positif"
"Ini gi mana iya ko ke blomir terus","2","positif"
"Sangat bermanfaat","5","positif"
"Bagus ğŸ‘ğŸ‘ğŸ‘","5","positif"
"ğŸ‘ğŸ»","5","positif"
"Oke","5","positif"
"Ridwan 12345","3","netral"
"tolonglah wa kalau user belum mengupdate jangan lgsg di restart chatnya manatau user blm ada paket atau memory yg tidak mendukung bisa sja chat chat nya yg kehapus itu penting","2","positif"
"Kren bgt","5","positif"
"WhatsApp saya gak bisa untu","5","positif"
"Jos","5","positif"
"Cara membuat wa","5","positif"
"Bismilah","5","positif"
"Mrida maoolidia","5","positif"
"Sangat bagus","5","positif"
"Bagus sangat membantu","5","positif"
"Mantap","5","positif"
"bgus","5","positif"
"Bagusss","5","positif"
"Sulit sekali d update...sampai sekarang pun blm bisa","1","negatif"
"Nice","5","positif"
"Oke","3","netral"
"Wa sekarang mh ga kaya dlu sekarang klo mo bikin Sw tuh suka Burem poto maupun video","2","positif"
", CC","1","negatif"
"Angel mlbu gaiso dadak","1","negatif"
"Mantap","5","positif"
"Ok","2","positif"
"Bagus bgt apk nya aku sukağŸ¤—ğŸ¤—","5","positif"
"Saya sangat terbantu dgn ada WhatsApp,semoga semakin maju dan semakin lebih canggih lagi kedepannya","5","positif"
"Bagus","3","netral"
"Pembaruanya bukannya semakin bagus malah semakin ngak jelas","3","netral"
"Dari sekian banyak komen yg ku baca,jd gw punya kesimpulan untuk tidak mengupdate","1","negatif"
"Aplikasi nya bagussss bngt sangat membantu bngt kami yg jauh dari keluarga buat vc an atou pun sms..","5","positif"
"Ok","5","positif"
"Dah update tapi kok sinyalnya muter muter","3","netral"
"sangat baik","5","positif"
"Ok ğŸ˜ŠğŸ™","5","positif"
"akun saya","5","positif"
"Yang terhormat admin WhatsApp kenapa akun WhatsApp Saya terblokir saya rasa tidak melakukan kesalahan-yang patal","5","positif"
"bagus irit ongkos berkat WhatsApp","5","positif"
"bahasaindonesia","1","negatif"
"ok","5","positif"
"bermain","5","positif"
"Sangat baik","5","positif"
"Diam-diam bikin penuh memori udah jangan cadangkan pesan tetep aja cadangkan","1","negatif"
"Saya sudah lama menggunakan whatsApp","4","positif"
"Keseluruhan bagus,cuma bisa ga ditambahin buat mention temen,terus ada efek buat vc heheğŸ™ğŸ»","5","positif"
"Oke","5","positif"
"Aplikasi ny sangat bagus","5","positif"
"Mohon perbarui watsap saya","4","positif"
"Aplikasi yang sangat membantu","5","positif"
"Tidak dapat login harua diperbarui sudah diperbarui tetap tidak bisa. Cra loginnya bagaimana?","2","positif"
"Aplikasi bagus ,ditambah ada fitur baru nya, nanti kalo mau update lagi bisa gak ya ada fitur tag /mention temen,trus bisa direpost juga,saya sangat menginginkan fitur itu, terimakasih ğŸ™","5","positif"
"Ok","5","positif"
"Sangat membantu bagi kami","5","positif"
"Nama marnisegep lahir tgl 1987","1","negatif"
"Saya kecewa dengan WhatsApp saya sudah 1 Minggu gak dapet kode verifikasi","1","negatif"
"Dr dr no","5","positif"
"Bagus bgt","5","positif"
"Buat wa versi tanpa internet","1","negatif"
"Sekian lama pakai wa...kok di blokir ...aneh","1","negatif"
"Tolong benerin bugnya dong, masa kontak cewek saya gak ada pp sama ceklis gak ada infonya juga. Sama ituu dia sibuk dari tahun 1970an masa,yang bener azaa","1","negatif"
"Sangat baik","5","positif"
"Ok","1","negatif"
"Sangat berguna untuk berkomunikasi","5","positif"
"It's will great if this app release video call also...just one app on the go .. waiting for it ..","4","positif"
"Apk nya bagus dapat membantu saya dalam memberi info","5","positif"
"Mantap","1","negatif"
"Apa yg anda fikir","5","positif"
"Mantap","5","positif"
"Ok","5","positif"
"Bagus sangat membantu","5","positif"
"Mamtap","5","positif"
"Aplikasi yang sangat membantu saling terhubung","5","positif"
"Ok","4","positif"
"Ok","5","positif"
"Wa","5","positif"
"Sangat membantu","5","positif"
"Semoga berkah selalu","3","netral"
"baik","4","positif"
"Mencoba","5","positif"
"Baguus oke","5","positif"
"Bagus","5","positif"
"kenapa wa saya ketika dalam panggilan suara lawan bicara sangat kecil bahkan bisa dibilang tidak terdengar padahal sudah paling maksimal, dan ketika dengar musik dan video normal normal saja tidak ada kendala","3","netral"
"Sngat.bagus","5","positif"
"Mudahan dengan versi terbaru tdk lemot","5","positif"
"menerti","5","positif"
"Jangan paksa kami untuk mengunduh","1","negatif"
"Seharusnya ada efek beauty ketika video call, biar lebih bagus lagi....","5","positif"
"Tampilanny ky bbm jaman dulu","3","netral"
"Sedih","5","positif"
"Bermain","3","netral"
"Baik sangat membantu.","5","positif"
"Aplikasi chat yg mudah di gunakan dan mudah di pakai. Aplikasi WhatsApp atau paling banyak di sebut WA adalah aplikasi yg memudah kan kita utk berkomunikasi dengan wilayah sekitar kita","5","positif"
"Lelet","1","negatif"
"Aplikasi yang sangat membantu","5","positif"
"Ga ada yang ngechat gw!","1","negatif"
"Sangat bagus","5","positif"
"Aplikasi komunikasi paling penting","5","positif"
"Ok","5","positif"
"Tolong perbarui antarmuka aplikasi menjadi lebih simpel dan efektif. Terima kasih!","3","netral"
"paan banged ni wa, butut emote nya pd jelek"" huuu butut butut","1","negatif"
"Knpa whatsaap saya eror . Tidak bisa menampilkan setatus di whatsaap.","5","positif"
"No saya di. Blokir bagaimana cara agar bisa pulih kbali","1","negatif"
"Lumbayan","3","netral"
"Eror gak bisa di update","1","negatif"
"ğŸ‘ğŸ‘ğŸ‘ğŸ‘","4","positif"
"Lebih lancar","5","positif"
"WhatsApp","1","negatif"
"Bagus","4","positif"
"Kenapa haruss ada kaldaluarsanya","1","negatif"
"Aplikasi ini sangat membantu saya","5","positif"
"Tolong perbaiki biar saya nyaman memakai whtsapp","5","positif"
"Mantap","5","positif"
"Sy mohon aktifkan whstapp saya tolong, di aktifkan lagi mungkin sy salah pencet","4","positif"
"Ngga paham lagi setiap update status selalu ngeblur, itu mengganggu banget.. ğŸ™","2","positif"
"Keren","5","positif"
"Ok bagus","5","positif"
"Kenapa saya tak bisa menggunakan wesAp","3","netral"
"Kenapa nomer wa saya di blokir? Kacau pengguna 2 tahun tiba tiba di blokir apaan, tidak melakukan kesalahan apaoun, taik!","1","negatif"
"Yes ok","5","positif"
"Jangan mandang isi caht lah kntl, mentangÂ² wa gw sepi jadi pas update gk di kasi perbuhan sama fiturÂ² barunya kntl lah.","1","negatif"
"Aplikasi yang sudah membantu Dalam mengirim pesan dan telepon","5","positif"
"Keren","5","positif"
"Q beri bintang 5 aplikasinya bgus","5","positif"
"Woy ngtd hapus emot iniğŸ˜­ jadi bingung aing anj ganti aja emot itu sama emot pragos","1","negatif"
"Makin update makin ga bagus masa vidcall kameranya crash padahal di Samsung s23U","1","negatif"
"Sangat baik","5","positif"
"baguss...ğŸ‘","4","positif"
"ll llyalllll l o o o o oklllo l9 l","5","positif"
"Pliss ilangin fitur nonaktip kn centang biru","4","positif"
"Top","5","positif"
"Keren bgt saya suka","4","positif"
"Gombal wedus ğŸ’£ğŸ’¨ğŸ—¯ğŸ’œğŸ’ğŸ’","1","negatif"
"Mantap","5","positif"
"Tinggal menunggu bsa live eheh","5","positif"
"Saat video call selalu aja tiba-tiba crash crash dan crash, why brother? Tolonglah minta benerin virus atau apapun itu yang bisa menyebabkan crash Biar bisa seperti dulu Pada dulu tuh bagus banget gak ada crash crash nya","1","negatif"
"Bgs","5","positif"
"keren si","5","positif"
"Bagus","5","positif"
"Syukk ra ono sing chatğŸ™ˆ","1","negatif"
"Ini gimana solusinya, udah 4 kali dalam setahun wa gw tiba2 muncul pesan sedang menunggu blablabla terus berjam2 ditungguin ngga ada perubahan, katanya soal koneksi atau wa nya versi lama tapi sebaliknya jaringan bagus wa versi terbaru kok malah gitu, tolong lahh solusinya","5","positif"
"Sudah cukup baik","5","positif"
"PatenğŸ‘","4","positif"
"WhatsApp saya knp nih Ko ga bisa di buka Padahal nomer bener","5","positif"
"Sangat membantu !","5","positif"
"For the first place and time again for your help with anything else to do that again please let me know if you are a lot of time to go to ğŸ˜´ with me to come back","5","positif"
"Lov lop","5","positif"
"Iyan","5","positif"
"Okokkkk...aja","4","positif"
"Apk nya sekarang sangat membantu untuk orang"" yang suka selingkuh","5","positif"
"WhatsApp di aktifkan kembali kami mohon team WhatsApp","3","netral"
"Lbh cepat, lbh akurat dn nyaman","5","positif"
"OK mantap","5","positif"
"Bagus","5","positif"
"Sayah.emang.lagi.butuh.it r.y.50--jta.sedit.sih.cuman.","5","positif"
"Luar biasa membantu","3","netral"
"Mantap","5","positif"
"Kerjasama","5","positif"
"Aku bukan pengemis cuenta","1","negatif"
"Klau bisa wa status video diperpanjang 1 menit atau lebih","4","positif"
"Bgus","5","positif"
"Ral","1","negatif"
"WhatsApp skrng jadi jelek ,,","1","negatif"
"adain emoticon janji kelingking dong","4","positif"
"Ok","5","positif"
"Sangat bagus","5","positif"
"Mantap","5","positif"
"Bagus","5","positif"
"Good job","5","positif"
"Mantap","4","positif"
"Donwlot lah apk ini","5","positif"
"No wa gua tiba"" keblokir","1","negatif"
"Baik..membantu komunikasi chatting call/video call.karna jaman skarang komunikasi rata2 pke whatsapp.","4","positif"
"Bagus dan membantu","5","positif"
"Resolusi status tolong jangan dikompres","3","netral"
"Wa semakin ribet dan kalo pindah ke status atau ke chat udah gk bisa lagi slide ke samping.. Pdahal lebih mudah gitu","1","negatif"
"Putut baru nya g ad yg menarik","4","positif"
",. % . z, .,. ,%'. , . Xa. . . ,"".? s, ., . . . *@,. s2 ,, ,,3 , ,, ,gs3. ,,we. . . , var , ., q , ,.,.,;' '. ;,@3%Ã—3 , gej &Ã· , .? . ,: 2 , ., . s3 ,d, , ,. s, . . m,cl. ,+ .z , ,x lj , vez, ., ., , w . *. ;,@82 , , , .z3, 3, ,s G2zge ,,af , . , ,.. ..","1","negatif"
"Setelah d upgrade malah GK bisa kirim foto dan video .. Tolong d perbaiki LG dong ...","1","negatif"
"Ngak bisa dipasang min","1","negatif"
"Bagus","5","positif"
"Bagus","5","positif"
"Tingkatkan performa, akurasi, stabilitas, keamanan, privasi pengguna, kecepatan akses, dan fitur aplikasinya.","4","positif"
"Nice","5","positif"
"Mantab","5","positif"
"Mantap","5","positif"
"Bagus","4","positif"
"Aplikasi kirim pesan yg simpel cukup untuk keseharian, mungkin kalo ada fitur edit pesan WhatsApp akan makin keren...","4","positif"
"Kenapa whatsapp saya sering kena spam ya??saya masukan no yg di whatsapp kok gk bs knpa ya nie??","1","negatif"
"Kak.. Mintanp wa yg biasa ada ga","5","positif"
"Mantap","5","positif"
"Ok banget","4","positif"
"Keren","3","netral"
"Good","5","positif"
"Bagusss","5","positif"
"Siip","5","positif"
"Keren","5","positif"
"Bsgus banget","5","positif"
"Tidak pakai kata sandi pakai","5","positif"
"wa makij di update makin gak jelas, jelek bubblenya dibawah","3","netral"
"Bagus","4","positif"
"Makin ga jelas, setiap saya mau login wa saya ada peringatan harus memakai whatsapp resmi, pdhal saya memakai whatsapp resmi.","1","negatif"
"Chatku ga dibales ayang ;(","5","positif"
"Sering bug gjls,dan jg g bs msk ke wa ny","1","negatif"
"Bgs","5","positif"
"ğŸ‘","5","positif"
"Tolong lahh bang fitur semua pengiriman foto ataupun video status kasih yang jernih masa MB video sudah besar jernih dipost status malah jadi buram tolong update lagi ğŸ™","2","positif"
"gege kli","5","positif"
"WhatsApp memang bagus tapi kenapa kalo kita kirim video kualitas HD kok malah jadi SD, tolong kerjasama nya","3","netral"
"Mantap","5","positif"
"Ini gimana sih. Kok dikit keblokir setiap habis nyambangjn ke web . Astaga kok sekarang jadi kayak gini sih, susah amat ini buat tugas kuliah kalau ga disambungin ke web. Tolong kerjasamanya dan diperbaiki aplikasinya","1","negatif"
"Saya senang dengan memakai aplikasi whassatpp ini.tpi kenapa no telp saya bermasalah terus","5","positif"
"Good yes","5","positif"
"Ok","5","positif"
"Mantap","5","positif"
"Sangat baik","5","positif"
"Senang Nyaman","5","positif"
"Mantap","5","positif"
"Ok bos","5","positif"
"GOOOOOO","5","positif"
"Luar Biasa...!!!!","5","positif"
"Mantap","5","positif"
"Jd lemottt","1","negatif"
"Top","5","positif"
"Tolong hapus fitur reaksi,karena saya benci ketika saya chat cuman direspon reaksi","1","negatif"
"Aplikasinya bagus Dan menyenangkan untuk Di pakai","3","netral"
"Kok saya GadA yng ngechet ya min","5","positif"
"Sangat memuaskan","1","negatif"
"Dek dik bagus","5","positif"
"kamera depan belakang pas vidio call buram","3","netral"
"Lumayan bagus","5","positif"
"Ahhhaii","1","negatif"
"Bagus","5","positif"
"Good ğŸ‘ğŸ‘","5","positif"
"WhatsApp Messenger .. notifikasi tidak muncul ya WA .. 5-6-2023 ...","5","positif"
"Pengalaman saya WhatsApp bagus sekali,bisa membatu saya dalam berkomunikasi sama,saudara2,saya.makasi banyak,whatsapp","5","positif"
"ğŸ‘","4","positif"
"Goooddd","5","positif"
"Ok","5","positif"
"Applikasi yg cukup keren, dengan mempunyai applikasi ini kita jdi mudh untuk berkomunikasi","5","positif"
"Well","5","positif"
"Bagus","5","positif"
"Sangat membantu","4","positif"
"ğŸ‘ğŸ‘ğŸ‘","3","netral"
"Baik","4","positif"
"Petani","5","positif"
"ni WhatsApp kenapa ya? makin sini malah aneh, setiap lagi call masa sering banget reconnecting? padahal sinyal selalu ada dan selalu bagus?! ppq","1","negatif"
"Kenapa kode verifikasi tidak muncul harus menunggu 24 jam tolong bantuan nya","1","negatif"
"Siiiip","5","positif"
"saya mau waa","5","positif"
"Ik","5","positif"
"Baru mau pakai","3","netral"
"Aplikasi sejuta umat","5","positif"
"Bagus banget","5","positif"
"Whatshap ini sangatlah penting bagi saya.","5","positif"
"ini kenapa y setiap ngirim video ke status ko jadi buram gitu tolong perbaikin donk","3","netral"
"Bagus","5","positif"
"Ok bangettt","5","positif"
"Saya tidak bisa mendapatkan nomer verifikasi SMS.selalu gagal.","1","negatif"
"Baguss","5","positif"
"Parah.. berkali-kali akun wa saya keluar sendiri dengan alasan tidak bisa dipergunakan, lalu udah berkali-kali ditinjau tapi ketika sudah benar lagi, EH BESOKNYA BEGINI LAGI, kenapa saya jadi makin ga nyaman sama aplikasi ini ya katanya keamanan nya berlapis kok ngeluarin akun orang sembarangan...","1","negatif"
"Bagus dan sangat membantu.","4","positif"
"Sangat bagus","5","positif"
"Mohon maaf, tolong perbaiki sistem nya. Untuk memperkecil gambar pada videocall masih terlalu besar dari biasanya dan juga masih eror/no respons. Dan untuk upload story masih juga pecah pada gambar. Terimakasih","1","negatif"
"Mantap","4","positif"
"keren","5","positif"
"Jadi prioritas buat komunikasi masa kiniğŸ‘ğŸ‘","5","positif"
"Tidak bagussğŸ˜–","1","negatif"
"Sangat bagus","5","positif"
"wa itu kesayangan saya karena wa itu bisa nyimpen nomor sipaaja","4","positif"
"Muhammad irul","5","positif"
"Watsaap","4","positif"
"Mantap","5","positif"
"Ok","5","positif"
"Apaan sih buka wa kaya buka apk berbayar saja, dikit2 iklan pdhl lagi ga buka wa, ribet","1","negatif"
"YTTA","5","positif"
"Baik","5","positif"
"Kalo dikecilin layar nya kaya patah""","2","positif"
"Suka","5","positif"
"Wa","5","positif"
"Mantabbbb","5","positif"
"saya tidak memiliki masalah dengan aplikasinya, tapi saya mengajukan untuk emojinya di buat lebih menarik, seperti bisa bergerak dan mempunyai animasi tersendiri agar tidak membosankan, terimakasih wirğŸ˜","5","positif"
"Kasih 2 karna setelah updat kurang maksimal","2","positif"
"Ok... Thank's","5","positif"
"Mantap","5","positif"
"Untuk bikin status dgn mencantumkan foto atau vidio sangat di sayangkan gambar nya sedikit pecah tdk sebagus pada saat kirim foto di chat.","4","positif"
"Sama kasih 5 bitang","5","positif"
"Yang sekarang kurang enak enakan yang dulu","1","negatif"
"Aplikasi wa terhapus","5","positif"
"Gambar macet2 kalo pon g jelas suara sering ngilang tolong prbaiki biar pengguna bisa nyaman dengan apk inihğŸ™ğŸ™","1","negatif"
"ğŸ˜˜ğŸ˜˜","5","positif"
"Mohon maaf tidak komen","3","netral"
"Ok","5","positif"
"Makin buruk aplikasi ini!","1","negatif"
"bagus bangett!!","5","positif"
"wa makin lelet buat vc, dan telpon","1","negatif"
"imar","5","positif"
"please add live features, add filters and effects for photos, also for posting photo videos like blurry, please fix it so that it is clearer HD, thank you very muchğŸ–¤","5","positif"
"Mohon maf ya masa habis di perbarui suruh masukin no hp lg dan g langsung di kasih kodenya lg gmn sih mind","5","positif"
"Konstruksi bangunan dan jalan raya","5","positif"
"Saya beri bintang 5","5","positif"
"Kecewa dgn cra kerjanya..miskin stiker..mles apdetnya..","1","negatif"
"Ga paham lagi sama whatsapp sekarang, gampang bgt di hack orang, itu pun whatsapp ga keamanannya ga di perbaiki, beda bgt kaya telegram","3","netral"
"Mantap","5","positif"
"Minimal tambahin filter","5","positif"
"Oke","5","positif"
"Lambat","1","negatif"
"tolol","1","negatif"
"ok","5","positif"
"ok","5","positif"
"@gmasil.comslamet efan","1","negatif"
"Like it","5","positif"
"Tolong Update berapa kali story saya di lihat.","4","positif"
"Sangat penting wa utk komunikasi","5","positif"
"Bagus","5","positif"
"Aplikasi berkirim pesan yang sangat bagus","5","positif"
"Semakin payah pelayananya","2","positif"
"Pliss bisakan wa ini aku butu bgt","5","positif"
"Kadang eror... Tidak ada notifikasi","3","netral"
"Tak kasih empat bintang dulu bos q","4","positif"
"bagus","4","positif"
"Kok.ak ga bisa vn si??","3","netral"
"Jadi makin buruk, sering putus saat telfon, banyak errornya. Hp mahal juga sama aja","1","negatif"
"oke","5","positif"
"Saya berharap gak ada ganggu dengan whatsApp saya lgi.kyk gini whatsApp saya eror teruss jadi bingung saya?","4","positif"
"Aplikasi ini sangat bagussğŸ‘ğŸ‘ğŸ‘ğŸ‘ğŸ™","5","positif"
"Parah ga jelas aflikasi ini dulu baik baik aja makin kesini makin ga jelas","1","negatif"
"Bagus bgt buat chetan sama ayg","5","positif"
"Bagussssss bgttttt","5","positif"
"Ss","5","positif"
"Tolong dengan sangattt...kembalikan versi whatsapp swap...karena terlalu ribet kalo harus di klak klik dulu..kelamaan woyyyelahhh","1","negatif"
"Sangat membantu Berikan yg terbaik Nanti aku kasi 5bintang","2","positif"
"Tolong wa nya kayak dulu lagi mamang Vidio nya pas di masukin status jangan burem Ini mah burem kayak burik gitu","5","positif"
"Good job","5","positif"
"Bagus","5","positif"
"kapan nihh whatsapp buatt fitur filter buat foto sama vc wakakak","4","positif"
"Ok juga","5","positif"
"Apk no 1 sih","5","positif"
"min knp ko gak bisa masuk atau login ke wa no saya","5","positif"
"Good","5","positif"
"Sangat bagus","5","positif"
"Sangat menyukainya","5","positif"
"Tolong buka aku Saya mengapa di blokir","5","positif"
"mic saya berfungsi normal.","5","positif"
"Bagus","5","positif"
"Aplikasi nya berguna","5","positif"
"bgs sih knp aku sdh update ga berubahÂ²?","5","positif"
"Bagus","5","positif"
"Mantap","5","positif"
"Makasih...","5","positif"
"tambahin fitur arsip story, menambakan lagu di story, tag orang lain dan repost story dari orang lain","3","netral"
"Tolong dong chat nya di buat permanen aja gx usah ada hilang dalam 24 jam dan lain lain ,,kita jadi gx ounya bukti chat kalo mreka pake progamnya","1","negatif"
"Jelek huuuhhğŸ‘ğŸ‘ğŸ‘ğŸ‘","1","negatif"
"Kenapa jadi error' GK karuan","1","negatif"
"ğŸ«¶ğŸ»ğŸ«¶ğŸ»","5","positif"
"Sangat","5","positif"
"Suwai.....","5","positif"
"Gak tau","1","negatif"
"Sangat baik aplikasinya","5","positif"
"MAU FITUR VC NO MIRROR","5","positif"
"Verygood this aplikation","5","positif"
"Ok","4","positif"
"Kenapa setiap saya download gak dapat kode verifikasi padahal jaringan lancar nomor juga baru","2","positif"
"Good watsap","5","positif"
"Ko udah di update malah burik video biasanya upload bagus normal skrang malah kau wa..","1","negatif"
"Mantap","5","positif"
"Memuas kan","1","negatif"
"Ntah","5","positif"
"Lagondu asal Kolese kec.paso kolaga.seorang duda lama jika ada yang berminat ku mau mba.","5","positif"
"Ol","5","positif"
"Ga bisa berkataÂ² pokoknya udah bagus","5","positif"
"Sangat b","5","positif"
"Siiiiip","4","positif"
"FF","5","positif"
"Bgus","5","positif"
"Aplikasi ini memang luar biasa","5","positif"
"Ok","5","positif"
"Wa saya tidak mau di buka","5","positif"
"Foto dan Video distatus tidak HD","1","negatif"
"Watshap ok","2","positif"
"Bgus","5","positif"
"Aku sendiri GK bisawatsap","5","positif"
"Gak suka wa yg terbaru ini ....mana pembaruan gak bisa dikembalikan....otomatis pembaruan sndri aplikasinya....","2","positif"
"Baguss","5","positif"
"Tidak bisa menerima kode verifikasi","1","negatif"
"A bagus","5","positif"
"Aplikasi yang sangat membantu sistem komunikasi yang sangat efisien..","5","positif"
"Enakan kaya dulu WhatsApp nya sekarang jadi ribet males","1","negatif"
"Membuka WhatsApp Mesenggr","5","positif"
"Good for you whatsaap","5","positif"
"Aplikasix oke","3","netral"
"Tidak bisa masuk","1","negatif"
"Wah up lagi makin seru ni!!!","5","positif"
"Mantap","5","positif"
"Bisnis","5","positif"
"min tolng ilangin gabisa screenshot saat liat foto 1Ã— liatğŸ™","5","positif"
"Bga","5","positif"
"Telat update whatshap aja kena blokir plis lah whattshap buka no ku","1","negatif"
"Good","5","positif"
"Puaaaaaaaaaaas","5","positif"
"Manstap","5","positif"
"Knp sih update trz skrg","1","negatif"
"Amako","5","positif"
"Lumayan","5","positif"
"Tolong pulihkan akun saya kembali","1","negatif"
"kenapa setiap post story selalu video/foto kekompres atau buram??, saya sangat kecewa!!","1","negatif"
"Sangat"" tidak puas saat vc error","1","negatif"
"di apdet malah makin rusak ni wa","1","negatif"
"wa hilangnya","5","positif"
"ni gimana si maksudnya, cape bangt tau ga si orang lagi ngerjain data yg penting malah ada notif pemulihan pemulihan pas uda dipulihkan ilang semua apasi tambah ga jelas","1","negatif"
"Good","5","positif"
"Saqiy poi","1","negatif"
"Saya suka dengan aplikasi ini","5","positif"
"kapan ngeluarin emoji iPhone bund,emoji wa kek alayğŸ™‚ğŸ”«","5","positif"
"Anjay","5","positif"
"Pengalaman saya kerja","5","positif"
"cukup bagus","3","netral"
"Bagus aplikasinya","5","positif"
"Sangat membantu dalam aktifitas","5","positif"
"Sangat bermanfaat bagi saya bisa.belajar nelalui daring utk anak saya","5","positif"
"kenapa setiap video call gambarnya ngelag, padahal sinyal bagus","1","negatif"
"Lalo meta","5","positif"
"Wa tidak ada fitur tautkan perangkat lagi","3","netral"
"Ok.","5","positif"
"Jos","5","positif"
"Bagussss","5","positif"
"ok Ok","1","negatif"
"Bagus sesuai dengan keinginan","5","positif"
"k.m .kk.ymO","4","positif"
"sukaaaaa mngkin banyak fitur nyaa kaloo bisa tambahin lgi fitur canggihnya jangan sampaii di ilngin lgiiğŸ˜ğŸ’–","5","positif"
"Bagus","5","positif"
"Baik","2","positif"
"Kembalikan Tampilan Whatsapp Yang Lama!, tampilan yang baru tidak menarik","1","negatif"
"Kupercayakan pada mu","5","positif"
"PERBAIKI BUG WA.ME/SETTINGS WOI ğŸ˜¡ğŸ˜¡ğŸ˜¡","5","positif"
"Sekarang whasaap byk bedanya","1","negatif"
"Skrang malah di blokir akun nie yg buat watsap mesenger niat ga sih jgn mau jual aplikasi doang lah","1","negatif"
"Saya tidak bisa pasang whatsap saya,, mff saya kasih bintang 1 kalo udh beres baru sya ksih bintang 5 lgi","1","negatif"
"Hilang","4","positif"
"Sangat menyenangkan applikasi ini","5","positif"
"Ok","5","positif"
"Sangat membatu","5","positif"
"Lebih bagus lagi ya","5","positif"
"Kenapa wa memblokir nomor sy...","1","negatif"
"Snagat bagus","5","positif"
"Sangat bagus","5","positif"
"Aplikasinya tambah nyusahin masa nomer keluar terus dari aplikasi pas mau masuk gk bisa","1","negatif"
"Kenapa Kena blokir pihak whatsApp","1","negatif"
"Sinyal nya padahal full kuota nya full tapi knp setiap aku kirim video macet!!!! Dh lh jangan ke banyakan update gini nih jadi nya pasti banyak kesalahan:((((","1","negatif"
"Saya kurang puas memakai WhatsApp karna selalu kena tinjau","1","negatif"
"Membuat mudah dlm berkomunikasi jarak jauh","4","positif"
"Kenapa saya tidak bisa menggunakan WhatsApp ini","5","positif"
"ini knp ya WA sy slalu ke riset pesan'nya pdhl sy ga mencet atau ngapa'in tiba' ke riset sendiri","1","negatif"
"bikin versi terbaru yg bisa bener' kaya WhatsApp di iPhone dong minğŸ˜ğŸ˜","5","positif"
"Ziiip","5","positif"
"saya menggunakan nya .... bagus kokğŸ‘ğŸ‘ğŸ‘ğŸ‘","4","positif"
"Nyenye","2","positif"
"Fitur setelah update kurang bagus","1","negatif"
"Bisa girim pap kek cwem","5","positif"
"Tolong saat membuat status wa, Videonya di jernihkan, bukan smakin buram!!! Tdak sperti video yg asli","2","positif"
"Bgs","5","positif"
"Akhir akhir ini whatsapp gw kok mau liat status itu gk bisa ya muncul tulisan terjadi kesalahan saat memutar video itu bug dari whatsapp nya kah? Padahal jaringan ku juga lancar","3","netral"
"Jadi begitulah kiraÂ²","3","netral"
"Tolong dong fitur foto yg sekali di liahat bisa di ss seperti dulu lagi soalnya saya gak bisa ss pap pacar saya hehe.tolong di perbaiki lagi Terimakasih","1","negatif"
"Iam like itu","5","positif"
"Suka pengalaman whatsaap","2","positif"
"Gpp","3","netral"
"Kenapa tidak bisa menghapus pesan","1","negatif"
"Bagus","5","positif"
"buat fitur fliter!!!!","5","positif"
"Mohon di perbaiki kenapa setiap telvon di wa kok suaranya pecah mohon di perbaiki trimakasih","5","positif"
"adain fitur efek buat vidcall dong wkwk lg insecure niğŸ˜µğŸ˜­","5","positif"
"Update trus jadi yg lebih bagus yaağŸ¤©","5","positif"
"Wa saya kena spam","3","netral"
"Baguss kok","1","negatif"
"Bagus","5","positif"
"Bagus","5","positif"
"Tolong tambahkan fitur vote atau memilih jawaban di status kita, misalnya saya bikin status dan membuat pertanyaan dan jawabannya sudah saya tentukan, nanti yang melihat status saya bisa vote atau memilih jawaban dari yang saya tentukan.","5","positif"
"Lemut","5","positif"
"Hi developer anda sangat bijak ya dalam membuat aplikasi , aplikasi ini sangat bagus loh saya bisa chatan tiap hari sama ayang saya buat developer nya panjang umur ya jangan lupa share Lok ya , kalau disini ada yg jual rudal secara legal saya mau beli soalnya saya mau rudal apartement developer aplikasi ini","5","positif"
"Baguze","5","positif"
"Oke","1","negatif"
"Ok","5","positif"
"Bagus banget","3","netral"
"Bagus bgt tp bisa ga tambahin fitur yg menarik lgiii","5","positif"
"Bgs update sekarang tapi kenapa ya setiap update WhatsApp pasti status temen kalau gak kita itu hilang","4","positif"
"Umpan balik dari berbagai sumber","5","positif"
"Makin kesini update makin aneh ribet gak bisa di geser""","1","negatif"
"Bgs sklii","5","positif"
"Good joob","4","positif"
"Sngtt bguss","5","positif"
"Meylia AnggraeniğŸŒ´ğŸŒˆğŸ‡µğŸ‡±ğŸ‡¬ğŸ‡±","5","positif"
"Suka","4","positif"
"Sangat bergunağŸ‘ğŸ‘ğŸ‘ğŸ‘","5","positif"
"ok","5","positif"
"Kenapa ya wa saya tidak pisa memasang nomer telpon iya saya sangat butuh whatsapp ini tolong di perbaeki aplikasi whatsapp nya dong saya buh wa ini","5","positif"
"Bgs","4","positif"
"Wa ku tidak seperti yang lain yg kaya iPhone","2","positif"
"Sesat","5","positif"
"Bagus banget sih sama apelasi ini ada pembarui kayak hp ipon","5","positif"
"Kalau go ada watsApp gun hidup kita","5","positif"
"Sulit","5","positif"
"My i","5","positif"
"makin kwren banget om, tapi kalau bisa resolusi pas bikin story, fotonya jangan jadi pecah / 144p gitu dong heheheheh. hrs 180p, mks y, semoga makin lebih keren lagi anjaz ğŸ’‹ğŸ’‹","5","positif"
"Sangat mudah digunakan","3","netral"
"Masa WhatsApp saya jadi dii bawah abis di update","2","positif"
"ko aku ngechat dia malah ngeread ya?","5","positif"
"Tidak bisa menukar nama kontak, udah di coba berkaliÂ² tetap tidak bisa","3","netral"
"Whatsapp nya kurang ky ga jelas gitu maaf saya kasi bintang 1 doang karna emang g jelas","1","negatif"
"Please the microphone is still bad,","1","negatif"
"Kenapa sih susah banget download WhatsApp messenger","1","negatif"
"Baru ajjah di update, eh malah WA nya gak bisa di buka, saya pakai HP Redmi 10C","1","negatif"
"sangat bgus","4","positif"
"Saya tidak bisa login wathsap, akun saya diblokir","5","positif"
"sangat bagus","5","positif"
"Gak jelas kode sms gak dapat pangilan tidak bisa","1","negatif"
"aplibkasi nya mantap kali.makasi gugel","5","positif"
"WA ini seru","5","positif"
"REZA:SABRIAN:ALMADANI","5","positif"
"Terima Kasih untk Aplikasi nya bgus","5","positif"
"Masya Allah Sangat berguna wa ini","5","positif"
"Bagus","5","positif"
"Terlalu sering ada bug. Dimana ketika video call terjeda. Maka otomatis mati video call nya","1","negatif"
"Sebenarnya lumayan bagus tapi yang bikin saya agak jengkel kenapa sih kok harus pakai pembaharuan terus memerus.","2","positif"
"Mantap","5","positif"
"Kurang mendukung","5","positif"
"Mungkin rating ini sesuai dengan kemajuan whatsApp,karena ketika saya masuk.. di apk whatsApp dan membuat status atau pun chat seseorang, tanpa saya tekan keluar.. malah keluar sendiri","3","netral"
"Bagus","5","positif"
"WhatsApp sekarang semakin rusakkk update update gada perubahan malah tambah edan","1","negatif"
"Stop making stupid UI UX","1","negatif"
"Oke lah","2","positif"
"Bagus","5","positif"
"Bahu","5","positif"
"Mantap","5","positif"
"Bagus","5","positif"
"Oke","5","positif"
"sulit perbarui wa","1","negatif"
"suka jalan jalan","1","negatif"
"Knp what up saya d blokir trus","2","positif"
"WatsApp ini sangat bermanfaat untuk berkomunikasi dan bisnis","5","positif"
"Oke","5","positif"
"Bagus","5","positif"
"Ok","5","positif"
"Ok","5","positif"
"Kok sw nya gk bisa dibuka sihhh Tolong diperbaiki lagi donk!!","1","negatif"
"Sangat bagus","5","positif"
"Ya begitu","4","positif"
"Bagus","5","positif"
"Masih suka eror","5","positif"
"Kenapa agak lambat pengiriman chat wa nya","5","positif"
"Aplikasi bisa apa saja bisa ngobrol di chat sama temen aku kasi bintang lima â­â­â­â­â­","5","positif"
"Setelah saya update kenapa riwayat panggilan hilang semua:(","1","negatif"
"Sangat baik","5","positif"
"Mksi wshap","5","positif"
"Sempurna","5","positif"
"Bagus bro mantap.","5","positif"
"ğŸ‘","5","positif"
"Bagus","5","positif"
"welll","5","positif"
"Oke","1","negatif"
"Mantap","5","positif"
"Martin isinkan menoton bokep","5","positif"
"Maaf saya kasih rating 1 karna pas saya masukin no nya gak bisa padahal itu no nya udah bnr itu no nya malah gak bisa bisa udah coba beberapa kali tetep gak bisa","1","negatif"
"Mantap","5","positif"
"Bagus","5","positif"
"Dengan menggunakan aplikasi WhatsApp komunikasi menjadi Lacar","5","positif"
"ini gimana sih fiturnya jadi kek gini,gak nyaman. balikin yang kek dulu lah","1","negatif"
"Update banyak taiknya","1","negatif"
"Bagus","5","positif"
"Baik. Sangat. Membantumu. Kami","3","netral"
"Cukup","2","positif"
"Bagus","5","positif"
"Baguss^-^","5","positif"
"Sangat busuk, aplikasi sampah","1","negatif"
"wow","5","positif"
"Aplikasi yang sangat bermanfaat untuk komunikasi saat ini","5","positif"
"Ebeww","1","negatif"
"Bagus","2","positif"
"Bagus ğŸ‘ğŸ‘ğŸ‘","5","positif"
"Mantap mennn","5","positif"
"Good","5","positif"
"Req emot bendera Ohio!! ğŸ˜ ğŸ˜  Nanti dikasih bintang 1000000000 kalau ada bendera OhioğŸ˜ğŸ¥°ğŸ˜˜ğŸ˜˜ğŸ¤©ğŸ¤©ğŸ¤©ğŸ¤©","3","netral"
"di up malah tmbah ga jls","3","netral"
"Love it","5","positif"
"Apk nya bgs,tapi kenapa banyak yg bilang jelek trus tapi boong yak?","5","positif"
"Bagus nomor satu di play store sempurna","5","positif"
"Mencari benda kuno","1","negatif"
"Hemat n hebat buanget bro wa ini smg manfaat untuk saya dan kaka2 to","5","positif"
"Rk iso di bukakk","1","negatif"
"wea ajing","1","negatif"
"Sangat berguna dan sy bisa mengirim pesan melalui wafshapp ini","5","positif"
"Telek tonggo iya teee","5","positif"
"Pengalaman jalan jalan Di tuapejat","5","positif"
"JelekkğŸ˜¢","1","negatif"
"Aming","5","positif"
"Oke banget","5","positif"
"Kenapa nada dering tidak bisa diganti lagu mp3","1","negatif"
"Setelah update UI nya malah tidak menarik dak ribet. Lebih bagus dan enak UI yang lama. Ini mirip-mirip WA di IOS, tapi kurang enak.","1","negatif"
"Mohon di perbaiki aflikasi WhatsApp ini terjadi bug saat saya memposting video di status, video yg saya posting pas ya posting biasa saja pas saya liat ko jdi ngebug video d tonton mlh berhenti d pertangahan dan gk bisa maju2 video nya, mohon d perbaiki karena menurut saya WhatsApp sekarang udh d update malah mkin burukğŸ™","1","negatif"
"Good","4","positif"
"Lebih canggih","4","positif"
"Wow","5","positif"
"Saya kasih rating tinggi soalnya bagus buat bales cht pacar orang ğŸ‘","5","positif"
"Good","5","positif"
"Saya suka yang baik saya supaya hasilnya pun juga yang baik dan saya saya suka lebih apel leb maaf menyukai mungkin saya ingin saya merasa senang saya ingin apa nama bagus lagu senam lagu senam aerobik pesannya cara mengirimnya bagaimana in ya Allah wisata Allah mendengarkan mendengarkan ucapan saya messenger saya senang saya senang mendengar melihat teman-teman dan menarik cara buka bu dengan teman saya ingin hanya ingin bertanya tanya sama teman ini harus p harus gimana harus kita ha ok maaf","1","negatif"
"Update mulu","1","negatif"
"Leleg","2","positif"
"oke","5","positif"
"Bagus","5","positif"
"Oke","5","positif"
"Apk nya sangat bagussss, tolong tambahin filter cute, dll . ğŸ˜Š","5","positif"
"Sagat bgus","5","positif"
"Akun gw di blokir tibaÂ² ***","3","netral"
"Bagus","5","positif"
"Terimakasih min...sangat membantu. Aplikasi WA memang bagus dan masih yg terbaik ğŸ‘","5","positif"
"ko sepi","2","positif"
"Apk bagus banget","5","positif"
"Ok","5","positif"
"Bagusss sekali","5","positif"
"Mantap","5","positif"
"Diupdate bukannya tambah bagus malahan tambah rusak video call klu dikecilkan gambar ngebag ga bisa ditekan tekan, kenapa ya ada yg sama ga guys..","1","negatif"
"Sangat bagus y","5","positif"
"Sangat cocok untuk sehari hari","5","positif"
"Terimakasih telah membantu saya.","5","positif"
"Mantap","5","positif"
"sekarang setiap bikin status resolusi gambar nya jadi pecah, ditambah lagi jadi nge zoom sendiri gitu..","4","positif"
"Apl yg sangat baguss","5","positif"
"Sangat membantu saya,","4","positif"
"sangat menunjang bisnis saya","5","positif"
"Mletreee","3","netral"
"Bagaimana cara memperbaharui aplikasi WhatsApp yg tidak bs di buka, krn meminta PIN verifikasi dua langkah,...... Sedang PIN tersebut sudah lupa, ...... Mhn bantuannya yaaaa......","5","positif"
"Wa nge bung","1","negatif"
"Bagussssssss","5","positif"
"Saya sangat suka","5","positif"
"Sip senang tidak rewel","5","positif"
"Kerem","5","positif"
"Tingkatkan","4","positif"
"Lumayan","5","positif"
"Berguna bngt, oh iya min tolong yah kualitas pengunggahan status di bagusin lagi yah soalnya kadang suka gak sesuai sama kualitas nya pas mau post story","5","positif"
"Wa","5","positif"
"ok","5","positif"
"Sangat membantu","5","positif"
"Sangat penting aplikasi ini","5","positif"
"Pengen kayak wa orangÂ² yang sdh kyk ipon","4","positif"
"Tolong tambahin fitur kayak ig dong ğŸ˜ğŸ˜ğŸ™ğŸ»ğŸ™ğŸ»","4","positif"
"Kalo aku bisa balikan sama mantan ku lagi aku kasih bintang 5","3","netral"
"mantap men","5","positif"
"Sippp","5","positif"
"Gg","5","positif"
"Suka sekali","5","positif"
"Ma tap","4","positif"
"Ya saya menggunakan nyaman","2","positif"
"WhatsApp adalah aplikasi yang seru untuk saling kirim pesan online","5","positif"
"Jelek banget rating buat sekarang masa video yang ukuran nya cuman 3mb di kompres lagi jadi 1 MB gimana sih biasanya juga minimal 8 mb","1","negatif"
"Good","5","positif"
"abis upgrade kalo ngirim video suaranya ilang woy. akses mic udah on padahal","5","positif"
"Bagus banget","5","positif"
"ok","5","positif"
"Sp","3","netral"
"Mau di edit sih tapi belum tau tampilanny nanti gimana?","3","netral"
"Bagus bgt buat waan","5","positif"
"Good","5","positif"
"WhatsApp sangat bagus","5","positif"
